{
  "Version": 1,
  "ManifestType": "Publish",
  "Endpoints": [
    {
      "Route": "css/styles.css",
      "AssetFile": "css/styles.css",
      "Selectors": [],
      "ResponseHeaders": [
        {
          "Name": "Accept-Ranges",
          "Value": "bytes"
        },
        {
          "Name": "Cache-Control",
          "Value": "no-cache"
        },
        {
          "Name": "Content-Length",
          "Value": "151"
        },
        {
          "Name": "Content-Type",
          "Value": "text/css"
        },
        {
          "Name": "ETag",
          "Value": "\"IDqRNgW7mcmeFvvv9McHZYQ7ywUJVZIbCF/3IR3YDt4=\""
        },
        {
          "Name": "Last-Modified",
          "Value": "Thu, 13 Mar 2025 05:17:48 GMT"
        }
      ],
      "EndpointProperties": [
        {
          "Name": "integrity",
          "Value": "sha256-IDqRNgW7mcmeFvvv9McHZYQ7ywUJVZIbCF/3IR3YDt4="
        }
      ]
    },
    {
      "Route": "css/styles.s5lbype5nx.css",
      "AssetFile": "css/styles.css",
      "Selectors": [],
      "ResponseHeaders": [
        {
          "Name": "Accept-Ranges",
          "Value": "bytes"
        },
        {
          "Name": "Cache-Control",
          "Value": "max-age=31536000, immutable"
        },
        {
          "Name": "Content-Length",
          "Value": "151"
        },
        {
          "Name": "Content-Type",
          "Value": "text/css"
        },
        {
          "Name": "ETag",
          "Value": "\"IDqRNgW7mcmeFvvv9McHZYQ7ywUJVZIbCF/3IR3YDt4=\""
        },
        {
          "Name": "Last-Modified",
          "Value": "Thu, 13 Mar 2025 05:17:48 GMT"
        }
      ],
      "EndpointProperties": [
        {
          "Name": "fingerprint",
          "Value": "s5lbype5nx"
        },
        {
          "Name": "integrity",
          "Value": "sha256-IDqRNgW7mcmeFvvv9McHZYQ7ywUJVZIbCF/3IR3YDt4="
        },
        {
          "Name": "label",
          "Value": "css/styles.css"
        }
      ]
    },
    {
      "Route": "index.html",
      "AssetFile": "index.html",
      "Selectors": [],
      "ResponseHeaders": [
        {
          "Name": "Accept-Ranges",
          "Value": "bytes"
        },
        {
          "Name": "Cache-Control",
          "Value": "no-cache"
        },
        {
          "Name": "Content-Length",
          "Value": "794"
        },
        {
          "Name": "Content-Type",
          "Value": "text/html"
        },
        {
          "Name": "ETag",
          "Value": "\"pKhEk2hk/DpS2skdTc3nADAc9gkgaRez7f274T6queY=\""
        },
        {
          "Name": "Last-Modified",
          "Value": "Thu, 13 Mar 2025 09:11:20 GMT"
        }
      ],
      "EndpointProperties": [
        {
          "Name": "integrity",
          "Value": "sha256-pKhEk2hk/DpS2skdTc3nADAc9gkgaRez7f274T6queY="
        }
      ]
    },
    {
      "Route": "index.ofzdov4abh.html",
      "AssetFile": "index.html",
      "Selectors": [],
      "ResponseHeaders": [
        {
          "Name": "Accept-Ranges",
          "Value": "bytes"
        },
        {
          "Name": "Cache-Control",
          "Value": "max-age=31536000, immutable"
        },
        {
          "Name": "Content-Length",
          "Value": "794"
        },
        {
          "Name": "Content-Type",
          "Value": "text/html"
        },
        {
          "Name": "ETag",
          "Value": "\"pKhEk2hk/DpS2skdTc3nADAc9gkgaRez7f274T6queY=\""
        },
        {
          "Name": "Last-Modified",
          "Value": "Thu, 13 Mar 2025 09:11:20 GMT"
        }
      ],
      "EndpointProperties": [
        {
          "Name": "fingerprint",
          "Value": "ofzdov4abh"
        },
        {
          "Name": "integrity",
          "Value": "sha256-pKhEk2hk/DpS2skdTc3nADAc9gkgaRez7f274T6queY="
        },
        {
          "Name": "label",
          "Value": "index.html"
        }
      ]
    },
    {
      "Route": "js/app.5p7m96m5h3.js",
      "AssetFile": "js/app.js",
      "Selectors": [],
      "ResponseHeaders": [
        {
          "Name": "Accept-Ranges",
          "Value": "bytes"
        },
        {
          "Name": "Cache-Control",
          "Value": "max-age=31536000, immutable"
        },
        {
          "Name": "Content-Length",
          "Value": "804"
        },
        {
          "Name": "Content-Type",
          "Value": "text/javascript"
        },
        {
          "Name": "ETag",
          "Value": "\"hw6qqEr4Q/KfaITLjsqw7ap3i8/dX9WXX7IFJc5qoek=\""
        },
        {
          "Name": "Last-Modified",
          "Value": "Thu, 13 Mar 2025 05:17:54 GMT"
        }
      ],
      "EndpointProperties": [
        {
          "Name": "fingerprint",
          "Value": "5p7m96m5h3"
        },
        {
          "Name": "integrity",
          "Value": "sha256-hw6qqEr4Q/KfaITLjsqw7ap3i8/dX9WXX7IFJc5qoek="
        },
        {
          "Name": "label",
          "Value": "js/app.js"
        }
      ]
    },
    {
      "Route": "js/app.js",
      "AssetFile": "js/app.js",
      "Selectors": [],
      "ResponseHeaders": [
        {
          "Name": "Accept-Ranges",
          "Value": "bytes"
        },
        {
          "Name": "Cache-Control",
          "Value": "no-cache"
        },
        {
          "Name": "Content-Length",
          "Value": "804"
        },
        {
          "Name": "Content-Type",
          "Value": "text/javascript"
        },
        {
          "Name": "ETag",
          "Value": "\"hw6qqEr4Q/KfaITLjsqw7ap3i8/dX9WXX7IFJc5qoek=\""
        },
        {
          "Name": "Last-Modified",
          "Value": "Thu, 13 Mar 2025 05:17:54 GMT"
        }
      ],
      "EndpointProperties": [
        {
          "Name": "integrity",
          "Value": "sha256-hw6qqEr4Q/KfaITLjsqw7ap3i8/dX9WXX7IFJc5qoek="
        }
      ]
    }
  ]
}